feature,VIF
rsi,33.35435561649927
mid_price,15.27033663853832
stoch_k,13.075393938146794
adx,10.668928350851967
bb_width,5.874648070135522
Volume,4.090704609273211
wrobv,1.5611724032220657
