feature,VIF
mid_price,14.117850236174684
rsi,7.926314970346399
bb_width,4.620003184412858
Volume,3.8801645095507755
wrobv,1.2659915529744803
