feature,VIF
mid_price,1338.9632981506445
ichimoku_kijun,1320.1762527656736
stoch_k,117.68924103028925
fib_pct,57.24861858074957
rsi,12.013552495665259
cci,7.9413464636631685
macd,6.793400958203728
atr,3.6245750164136434
bb_width,3.1246197154496507
wrobv,1.9533975908976264
Volume,1.7324118934672879
adx,1.4688312004565098
