feature,importance
mid_price,0.9998936966821126
adx,2.535912817697525e-05
bb_width,2.4279520833542143e-05
stoch_k,2.242987812617755e-05
rsi,1.9487184055396536e-05
Volume,1.1458540486682131e-05
wrobv,3.289066208708059e-06
