feature,importance
mid_price,0.9999250127603894
bb_width,3.026410390400906e-05
rsi,2.317460884648615e-05
Volume,1.2877810643999129e-05
wrobv,8.670716216127416e-06
