feature,importance
mid_price,218.49362415723866
rsi,8.30862190244162
bb_width,0.6990626873835382
Volume,-0.5632279540938209
wrobv,-0.5892197767379296
