feature,importance
mid_price,199.33274919223754
rsi,5.102621896866576
stoch_k,1.8234164789734042
adx,1.678767316717213
wrobv,-0.2223780752581798
Volume,-0.24059459895585178
bb_width,-0.9087808300130789
