feature,importance
mid_price,2.041777667090555
adx,0.0025526859862774033
bb_width,0.0018324170652359473
Volume,0.0008922928809549479
stoch_k,0.0006177584382758838
wrobv,-0.00012343519797324286
rsi,-0.00031320651144605137
