feature,importance
mid_price,2.062617687789387
bb_width,0.001400568303461358
Volume,8.273028617522548e-06
rsi,-0.00013344512448970614
wrobv,-0.0012208274647339534
