feature,importance
mid_price,0.9999918646006904
stoch_k,2.290727885745945e-06
Volume,2.0808297672563106e-06
adx,1.4155960698081354e-06
bb_width,1.2198105916026196e-06
wrobv,5.940226240669836e-07
rsi,5.344123709984436e-07
