feature,importance
mid_price,0.9999953246056086
Volume,2.1167637891616813e-06
wrobv,9.38273439114776e-07
rsi,8.968062772175627e-07
bb_width,7.235508858533289e-07
