feature,importance
mid_price,0.9985361
Volume,0.0003845173
stoch_k,0.00025675827
bb_width,0.00022070757
rsi,0.00020802107
adx,0.00020173927
wrobv,0.00019207461
