feature,importance
mid_price,0.43682516
Volume,0.42567208
bb_width,0.09966537
rsi,0.03772014
wrobv,0.00011727621
