feature,importance
mid_price,0.39943781
Volume,0.35877556
bb_width,0.14054263
rsi,0.037788786
wrobv,0.036130164
adx,0.025713896
stoch_k,0.0016113109
