feature,importance
mid_price,0.99886453
Volume,0.00048101431
rsi,0.0002299293
bb_width,0.00021333434
wrobv,0.00021121152
